"Request Time","Test Name","Machine Address","Concurrency","Duration (s)","HTTP Response Code","Timed Out?","Error?"
"2017-02-13 16:31:16.118799941 -0500 EST","open_and_populate_playlist","f1-d0n343670",40,85.874687,200,false,"%!s(<nil>)"
"2017-02-13 16:32:45.993787915 -0500 EST","open_and_populate_playlist","f1-d0n343670",40,43.973157,200,false,"%!s(<nil>)"
"2017-02-13 16:31:16.117918578 -0500 EST","open_and_populate_playlist","f1-d0n343668",40,142.147090,200,false,"%!s(<nil>)"
"2017-02-13 16:33:33.967273722 -0500 EST","open_and_populate_playlist","f1-d0n343670",40,48.132873,200,false,"%!s(<nil>)"
"2017-02-13 16:33:42.265301006 -0500 EST","open_and_populate_playlist","f1-d0n343668",40,40.725999,200,false,"%!s(<nil>)"
"2017-02-13 16:31:16.108383161 -0500 EST","open_and_populate_playlist","f1-d0n343680",40,222.148854,200,false,"%!s(<nil>)"
"2017-02-13 16:34:26.991662594 -0500 EST","open_and_populate_playlist","f1-d0n343668",40,39.653939,200,false,"%!s(<nil>)"
"2017-02-13 16:34:26.100499431 -0500 EST","open_and_populate_playlist","f1-d0n343670",40,48.167315,200,false,"%!s(<nil>)"
"2017-02-13 16:35:02.257545504 -0500 EST","open_and_populate_playlist","f1-d0n343680",40,45.191250,200,false,"%!s(<nil>)"
"2017-02-13 16:35:10.645970667 -0500 EST","open_and_populate_playlist","f1-d0n343668",40,39.867281,200,false,"%!s(<nil>)"
"2017-02-13 16:35:18.268110064 -0500 EST","open_and_populate_playlist","f1-d0n343670",40,46.749141,200,false,"%!s(<nil>)"
"2017-02-13 16:35:51.44913105 -0500 EST","open_and_populate_playlist","f1-d0n343680",40,40.970877,200,false,"%!s(<nil>)"
"2017-02-13 16:35:54.513524205 -0500 EST","open_and_populate_playlist","f1-d0n343668",40,44.238038,200,false,"%!s(<nil>)"
"2017-02-13 16:31:16.107420484 -0500 EST","open_and_populate_playlist","f1-d0n343653",40,324.746061,200,false,"%!s(<nil>)"
"2017-02-13 16:31:16.109955033 -0500 EST","open_and_populate_playlist","f1-d0n343684",40,336.088167,200,false,"%!s(<nil>)"
"2017-02-13 16:36:09.017588097 -0500 EST","open_and_populate_playlist","f1-d0n343670",40,47.372200,200,false,"%!s(<nil>)"
"2017-02-13 16:31:16.117521125 -0500 EST","open_and_populate_playlist","f1-d0n343667",40,350.171288,200,false,"%!s(<nil>)"
"2017-02-13 16:36:36.42029686 -0500 EST","open_and_populate_playlist","f1-d0n343680",40,47.136893,200,false,"%!s(<nil>)"
"2017-02-13 16:36:42.751825169 -0500 EST","open_and_populate_playlist","f1-d0n343668",40,42.406812,200,false,"%!s(<nil>)"
"2017-02-13 16:31:16.110026866 -0500 EST","open_and_populate_playlist","f1-d0n343666",40,369.364582,200,false,"%!s(<nil>)"
"2017-02-13 16:31:16.119184059 -0500 EST","open_and_populate_playlist","f1-d0n343671",40,380.093461,200,false,"%!s(<nil>)"
"2017-02-13 16:31:16.118267545 -0500 EST","open_and_populate_playlist","f1-d0n343669",40,391.624839,200,false,"%!s(<nil>)"
"2017-02-13 16:31:16.106242244 -0500 EST","open_and_populate_playlist","f1-d0n343672",40,392.410817,200,false,"%!s(<nil>)"
"2017-02-13 16:31:16.109629343 -0500 EST","open_and_populate_playlist","f1-d0n343665",40,393.902308,200,false,"%!s(<nil>)"
"2017-02-13 16:37:00.390078078 -0500 EST","open_and_populate_playlist","f1-d0n343670",40,50.619113,200,false,"%!s(<nil>)"
"2017-02-13 16:31:16.106527253 -0500 EST","open_and_populate_playlist","f1-d0n343673",40,401.060554,200,false,"%!s(<nil>)"
"2017-02-13 16:31:16.109261257 -0500 EST","open_and_populate_playlist","f1-d0n343661",40,401.373147,200,false,"%!s(<nil>)"
"2017-02-13 16:31:16.109143918 -0500 EST","open_and_populate_playlist","f1-d0n343681",40,401.499245,200,false,"%!s(<nil>)"
"2017-02-13 16:37:27.557502022 -0500 EST","open_and_populate_playlist","f1-d0n343680",40,41.110512,200,false,"%!s(<nil>)"
"2017-02-13 16:37:29.158947718 -0500 EST","open_and_populate_playlist","f1-d0n343668",40,39.788087,200,false,"%!s(<nil>)"
"2017-02-13 16:31:16.107623782 -0500 EST","open_and_populate_playlist","f1-d0n343679",40,415.604087,200,false,"%!s(<nil>)"
"2017-02-13 16:36:44.853768545 -0500 EST","open_and_populate_playlist","f1-d0n343653",40,102.370497,200,false,"%!s(<nil>)"
"2017-02-13 16:37:55.009783284 -0500 EST","open_and_populate_playlist","f1-d0n343670",40,42.974160,200,false,"%!s(<nil>)"
"2017-02-13 16:36:56.19849286 -0500 EST","open_and_populate_playlist","f1-d0n343684",40,102.435119,200,false,"%!s(<nil>)"
"2017-02-13 16:37:10.289105222 -0500 EST","open_and_populate_playlist","f1-d0n343667",40,100.258847,200,false,"%!s(<nil>)"
"2017-02-13 16:38:12.668266709 -0500 EST","open_and_populate_playlist","f1-d0n343680",40,40.177267,200,false,"%!s(<nil>)"
"2017-02-13 16:38:12.947315126 -0500 EST","open_and_populate_playlist","f1-d0n343668",40,39.985391,200,false,"%!s(<nil>)"
"2017-02-13 16:31:16.106889232 -0500 EST","open_and_populate_playlist","f1-d0n343674",40,480.571049,200,false,"%!s(<nil>)"
"2017-02-13 16:37:29.474854321 -0500 EST","open_and_populate_playlist","f1-d0n343666",40,112.895454,200,false,"%!s(<nil>)"
"2017-02-13 16:38:41.984205018 -0500 EST","open_and_populate_playlist","f1-d0n343670",40,48.851323,200,false,"%!s(<nil>)"
"2017-02-13 16:38:56.933009912 -0500 EST","open_and_populate_playlist","f1-d0n343668",40,40.781873,200,false,"%!s(<nil>)"
"2017-02-13 16:38:56.845776705 -0500 EST","open_and_populate_playlist","f1-d0n343680",40,42.210892,200,false,"%!s(<nil>)"
"2017-02-13 16:38:01.482748461 -0500 EST","open_and_populate_playlist","f1-d0n343661",40,99.718234,200,false,"%!s(<nil>)"
"2017-02-13 16:38:01.16745228 -0500 EST","open_and_populate_playlist","f1-d0n343673",40,101.956055,200,false,"%!s(<nil>)"
"2017-02-13 16:37:54.012221907 -0500 EST","open_and_populate_playlist","f1-d0n343665",40,112.633798,200,false,"%!s(<nil>)"
"2017-02-13 16:38:01.60868784 -0500 EST","open_and_populate_playlist","f1-d0n343681",40,113.281858,200,false,"%!s(<nil>)"
"2017-02-13 16:38:15.711992559 -0500 EST","open_and_populate_playlist","f1-d0n343679",40,105.663114,200,false,"%!s(<nil>)"
"2017-02-13 16:38:31.224538905 -0500 EST","open_and_populate_playlist","f1-d0n343653",40,90.877580,200,false,"%!s(<nil>)"
"2017-02-13 16:38:42.633923561 -0500 EST","open_and_populate_playlist","f1-d0n343684",40,87.832117,200,false,"%!s(<nil>)"
"2017-02-13 16:39:34.835845457 -0500 EST","open_and_populate_playlist","f1-d0n343670",40,42.482981,200,false,"%!s(<nil>)"
"2017-02-13 16:38:54.548266555 -0500 EST","open_and_populate_playlist","f1-d0n343667",40,87.984039,200,false,"%!s(<nil>)"
"2017-02-13 16:39:43.056906694 -0500 EST","open_and_populate_playlist","f1-d0n343680",40,40.799586,200,false,"%!s(<nil>)"
"2017-02-13 16:37:40.212958768 -0500 EST","open_and_populate_playlist","f1-d0n343671",40,166.633301,200,false,"%!s(<nil>)"
"2017-02-13 16:37:51.743422426 -0500 EST","open_and_populate_playlist","f1-d0n343669",40,156.779074,200,false,"%!s(<nil>)"
"2017-02-13 16:39:41.715151142 -0500 EST","open_and_populate_playlist","f1-d0n343668",40,46.823553,200,false,"%!s(<nil>)"
"2017-02-13 16:37:52.517493244 -0500 EST","open_and_populate_playlist","f1-d0n343672",40,157.086061,200,false,"%!s(<nil>)"
"2017-02-13 16:31:16.10889202 -0500 EST","open_and_populate_playlist","f1-d0n343659",40,560.010494,200,false,"%!s(<nil>)"
"2017-02-13 16:40:27.856781814 -0500 EST","open_and_populate_playlist","f1-d0n343680",40,40.391476,200,false,"%!s(<nil>)"
"2017-02-13 16:39:45.201299954 -0500 EST","open_and_populate_playlist","f1-d0n343661",40,84.209873,200,false,"%!s(<nil>)"
"2017-02-13 16:40:21.319125968 -0500 EST","open_and_populate_playlist","f1-d0n343670",40,48.399482,200,false,"%!s(<nil>)"
"2017-02-13 16:40:32.538936167 -0500 EST","open_and_populate_playlist","f1-d0n343668",40,41.095140,200,false,"%!s(<nil>)"
"2017-02-13 16:39:26.370666873 -0500 EST","open_and_populate_playlist","f1-d0n343666",40,110.445247,200,false,"%!s(<nil>)"
"2017-02-13 16:39:50.646375557 -0500 EST","open_and_populate_playlist","f1-d0n343665",40,96.937064,200,false,"%!s(<nil>)"
"2017-02-13 16:39:47.123841051 -0500 EST","open_and_populate_playlist","f1-d0n343673",40,101.325262,200,false,"%!s(<nil>)"
"2017-02-13 16:40:05.375442765 -0500 EST","open_and_populate_playlist","f1-d0n343679",40,90.581426,200,false,"%!s(<nil>)"
"2017-02-13 16:40:06.102521998 -0500 EST","open_and_populate_playlist","f1-d0n343653",40,96.935284,200,false,"%!s(<nil>)"
"2017-02-13 16:39:58.890889129 -0500 EST","open_and_populate_playlist","f1-d0n343681",40,104.595862,200,false,"%!s(<nil>)"
"2017-02-13 16:40:14.466391774 -0500 EST","open_and_populate_playlist","f1-d0n343684",40,97.528216,200,false,"%!s(<nil>)"
"2017-02-13 16:40:26.532658374 -0500 EST","open_and_populate_playlist","f1-d0n343667",40,87.242506,200,false,"%!s(<nil>)"
"2017-02-13 16:41:13.718920173 -0500 EST","open_and_populate_playlist","f1-d0n343670",40,42.446310,200,false,"%!s(<nil>)"
"2017-02-13 16:41:12.248601125 -0500 EST","open_and_populate_playlist","f1-d0n343680",40,46.281256,200,false,"%!s(<nil>)"
"2017-02-13 16:41:17.634413669 -0500 EST","open_and_populate_playlist","f1-d0n343668",40,46.496080,200,false,"%!s(<nil>)"
"2017-02-13 16:39:20.678214308 -0500 EST","open_and_populate_playlist","f1-d0n343674",40,168.744887,200,false,"%!s(<nil>)"
"2017-02-13 16:40:32.522825128 -0500 EST","open_and_populate_playlist","f1-d0n343669",40,108.298865,200,false,"%!s(<nil>)"
"2017-02-13 16:40:33.604006798 -0500 EST","open_and_populate_playlist","f1-d0n343672",40,108.249836,200,false,"%!s(<nil>)"
"2017-02-13 16:40:30.846548332 -0500 EST","open_and_populate_playlist","f1-d0n343671",40,116.467178,200,false,"%!s(<nil>)"
"2017-02-13 16:40:40.119709064 -0500 EST","open_and_populate_playlist","f1-d0n343659",40,108.074853,200,false,"%!s(<nil>)"
"2017-02-13 16:41:13.411499572 -0500 EST","open_and_populate_playlist","f1-d0n343661",40,89.131722,200,false,"%!s(<nil>)"
"2017-02-13 16:42:00.165489771 -0500 EST","open_and_populate_playlist","f1-d0n343670",40,44.279267,200,false,"%!s(<nil>)"
"2017-02-13 16:42:02.530123099 -0500 EST","open_and_populate_playlist","f1-d0n343680",40,42.182979,200,false,"%!s(<nil>)"
"2017-02-13 16:42:08.130835915 -0500 EST","open_and_populate_playlist","f1-d0n343668",40,41.606050,200,false,"%!s(<nil>)"
"2017-02-13 16:41:20.816319628 -0500 EST","open_and_populate_playlist","f1-d0n343666",40,101.635898,200,false,"%!s(<nil>)"
"2017-02-13 16:41:39.957163125 -0500 EST","open_and_populate_playlist","f1-d0n343679",40,84.015707,200,false,"%!s(<nil>)"
"2017-02-13 16:41:31.583713123 -0500 EST","open_and_populate_playlist","f1-d0n343665",40,96.925332,200,false,"%!s(<nil>)"
"2017-02-13 16:41:32.449461645 -0500 EST","open_and_populate_playlist","f1-d0n343673",40,99.034600,200,false,"%!s(<nil>)"
"2017-02-13 16:41:57.775456476 -0500 EST","open_and_populate_playlist","f1-d0n343667",40,83.788155,200,false,"%!s(<nil>)"
"2017-02-13 16:41:55.994924739 -0500 EST","open_and_populate_playlist","f1-d0n343684",40,86.606874,200,false,"%!s(<nil>)"
"2017-02-13 16:41:47.038173299 -0500 EST","open_and_populate_playlist","f1-d0n343653",40,95.882259,200,false,"%!s(<nil>)"
"2017-02-13 16:42:48.713350818 -0500 EST","open_and_populate_playlist","f1-d0n343680",40,40.844596,200,false,"%!s(<nil>)"
"2017-02-13 16:41:47.487008829 -0500 EST","open_and_populate_playlist","f1-d0n343681",40,103.600004,200,false,"%!s(<nil>)"
"2017-02-13 16:42:48.445048359 -0500 EST","open_and_populate_playlist","f1-d0n343670",40,43.340453,200,false,"%!s(<nil>)"
"2017-02-13 16:42:53.737172359 -0500 EST","open_and_populate_playlist","f1-d0n343668",40,41.544488,200,false,"%!s(<nil>)"
"2017-02-13 16:42:13.423481976 -0500 EST","open_and_populate_playlist","f1-d0n343674",40,106.336682,200,false,"%!s(<nil>)"
"2017-02-13 16:31:16.108184851 -0500 EST","open_and_populate_playlist","f1-d0n343656",40,771.472153,200,false,"%!s(<nil>)"
"2017-02-13 16:42:46.543492501 -0500 EST","open_and_populate_playlist","f1-d0n343661",40,85.314505,200,false,"%!s(<nil>)"
"2017-02-13 16:42:25.854165887 -0500 EST","open_and_populate_playlist","f1-d0n343672",40,107.180248,200,false,"%!s(<nil>)"
"2017-02-13 16:42:32.19484465 -0500 EST","open_and_populate_playlist","f1-d0n343659",40,102.059909,200,false,"%!s(<nil>)"
"2017-02-13 16:42:24.821986696 -0500 EST","open_and_populate_playlist","f1-d0n343669",40,110.941102,200,false,"%!s(<nil>)"
"2017-02-13 16:43:35.785750396 -0500 EST","open_and_populate_playlist","f1-d0n343670",40,41.632135,200,false,"%!s(<nil>)"
"2017-02-13 16:43:33.558228482 -0500 EST","open_and_populate_playlist","f1-d0n343680",40,49.473324,200,false,"%!s(<nil>)"
"2017-02-13 16:43:39.281914902 -0500 EST","open_and_populate_playlist","f1-d0n343668",40,46.751282,200,false,"%!s(<nil>)"
"2017-02-13 16:42:31.313978195 -0500 EST","open_and_populate_playlist","f1-d0n343671",40,116.862200,200,false,"%!s(<nil>)"
"2017-02-13 16:43:07.973248507 -0500 EST","open_and_populate_playlist","f1-d0n343679",40,83.671193,200,false,"%!s(<nil>)"
"2017-02-13 16:31:16.107818775 -0500 EST","open_and_populate_playlist","f1-d0n343655",40,800.305833,200,false,"%!s(<nil>)"
"2017-02-13 16:43:15.48433203 -0500 EST","open_and_populate_playlist","f1-d0n343673",40,91.310104,200,false,"%!s(<nil>)"
"2017-02-13 16:43:12.509313935 -0500 EST","open_and_populate_playlist","f1-d0n343665",40,95.040195,200,false,"%!s(<nil>)"
"2017-02-13 16:43:06.452576914 -0500 EST","open_and_populate_playlist","f1-d0n343666",40,105.883951,200,false,"%!s(<nil>)"
"2017-02-13 16:43:25.563946041 -0500 EST","open_and_populate_playlist","f1-d0n343667",40,87.461073,200,false,"%!s(<nil>)"
"2017-02-13 16:43:26.60210071 -0500 EST","open_and_populate_playlist","f1-d0n343684",40,88.768474,200,false,"%!s(<nil>)"
"2017-02-13 16:43:26.920810944 -0500 EST","open_and_populate_playlist","f1-d0n343653",40,92.793812,200,false,"%!s(<nil>)"
"2017-02-13 16:44:27.0318268 -0500 EST","open_and_populate_playlist","f1-d0n343680",40,40.836953,200,false,"%!s(<nil>)"
"2017-02-13 16:43:35.087298246 -0500 EST","open_and_populate_playlist","f1-d0n343681",40,93.926395,200,false,"%!s(<nil>)"
"2017-02-13 16:44:21.418168771 -0500 EST","open_and_populate_playlist","f1-d0n343670",40,48.746802,200,false,"%!s(<nil>)"
"2017-02-13 16:44:30.033387088 -0500 EST","open_and_populate_playlist","f1-d0n343668",40,46.368210,200,false,"%!s(<nil>)"
"2017-02-13 16:44:15.858254221 -0500 EST","open_and_populate_playlist","f1-d0n343661",40,88.525584,200,false,"%!s(<nil>)"
"2017-02-13 16:44:03.760495993 -0500 EST","open_and_populate_playlist","f1-d0n343674",40,106.612417,200,false,"%!s(<nil>)"
"2017-02-13 16:45:11.869139136 -0500 EST","open_and_populate_playlist","f1-d0n343680",40,41.937010,200,false,"%!s(<nil>)"
"2017-02-13 16:45:14.165302498 -0500 EST","open_and_populate_playlist","f1-d0n343670",40,40.654881,200,false,"%!s(<nil>)"
"2017-02-13 16:44:11.580657786 -0500 EST","open_and_populate_playlist","f1-d0n343656",40,103.290885,200,false,"%!s(<nil>)"
"2017-02-13 16:44:18.255067625 -0500 EST","open_and_populate_playlist","f1-d0n343659",40,97.801429,200,false,"%!s(<nil>)"
"2017-02-13 16:44:35.644764048 -0500 EST","open_and_populate_playlist","f1-d0n343679",40,84.461347,200,false,"%!s(<nil>)"
"2017-02-13 16:44:17.034778992 -0500 EST","open_and_populate_playlist","f1-d0n343672",40,105.327073,200,false,"%!s(<nil>)"
"2017-02-13 16:45:20.401922612 -0500 EST","open_and_populate_playlist","f1-d0n343668",40,46.132068,200,false,"%!s(<nil>)"
"2017-02-13 16:44:19.763337504 -0500 EST","open_and_populate_playlist","f1-d0n343669",40,108.485322,200,false,"%!s(<nil>)"
"2017-02-13 16:44:40.413998981 -0500 EST","open_and_populate_playlist","f1-d0n343655",40,100.087673,200,false,"%!s(<nil>)"
"2017-02-13 16:44:59.370961306 -0500 EST","open_and_populate_playlist","f1-d0n343684",40,81.763236,200,false,"%!s(<nil>)"
"2017-02-13 16:44:57.025327607 -0500 EST","open_and_populate_playlist","f1-d0n343667",40,84.171592,200,false,"%!s(<nil>)"
"2017-02-13 16:44:50.794748167 -0500 EST","open_and_populate_playlist","f1-d0n343673",40,91.000209,200,false,"%!s(<nil>)"
"2017-02-13 16:44:32.176456256 -0500 EST","open_and_populate_playlist","f1-d0n343671",40,112.906852,200,false,"%!s(<nil>)"
"2017-02-13 16:45:03.714970733 -0500 EST","open_and_populate_playlist","f1-d0n343653",40,90.071292,200,false,"%!s(<nil>)"
"2017-02-13 16:44:56.336796447 -0500 EST","open_and_populate_playlist","f1-d0n343666",40,104.672272,200,false,"%!s(<nil>)"
"2017-02-13 16:45:57.806519447 -0500 EST","open_and_populate_playlist","f1-d0n343680",40,43.546541,200,false,"%!s(<nil>)"
"2017-02-13 16:45:58.820560626 -0500 EST","open_and_populate_playlist","f1-d0n343670",40,42.902652,200,false,"%!s(<nil>)"
"2017-02-13 16:46:10.534335453 -0500 EST","open_and_populate_playlist","f1-d0n343668",40,40.985984,200,false,"%!s(<nil>)"
"2017-02-13 16:45:13.014017155 -0500 EST","open_and_populate_playlist","f1-d0n343681",40,102.010219,200,false,"%!s(<nil>)"
"2017-02-13 16:45:48.384130497 -0500 EST","open_and_populate_playlist","f1-d0n343661",40,87.606871,200,false,"%!s(<nil>)"
"2017-02-13 16:46:45.353317451 -0500 EST","open_and_populate_playlist","f1-d0n343680",40,40.553261,200,false,"%!s(<nil>)"
"2017-02-13 16:46:45.723450409 -0500 EST","open_and_populate_playlist","f1-d0n343670",40,40.531688,200,false,"%!s(<nil>)"
"2017-02-13 16:46:04.106454918 -0500 EST","open_and_populate_playlist","f1-d0n343679",40,87.290568,200,false,"%!s(<nil>)"
"2017-02-13 16:45:58.871858381 -0500 EST","open_and_populate_playlist","f1-d0n343656",40,93.120447,200,false,"%!s(<nil>)"
"2017-02-13 16:46:00.056725817 -0500 EST","open_and_populate_playlist","f1-d0n343659",40,99.400815,200,false,"%!s(<nil>)"
"2017-02-13 16:45:54.373207437 -0500 EST","open_and_populate_playlist","f1-d0n343674",40,105.236461,200,false,"%!s(<nil>)"
"2017-02-13 16:46:55.52067739 -0500 EST","open_and_populate_playlist","f1-d0n343668",40,45.254202,200,false,"%!s(<nil>)"
"2017-02-13 16:46:06.362148444 -0500 EST","open_and_populate_playlist","f1-d0n343672",40,102.168095,200,false,"%!s(<nil>)"
"2017-02-13 16:46:25.197224627 -0500 EST","open_and_populate_playlist","f1-d0n343667",40,85.682392,200,false,"%!s(<nil>)"
"2017-02-13 16:46:25.795290607 -0500 EST","open_and_populate_playlist","f1-d0n343673",40,87.458688,200,false,"%!s(<nil>)"
"2017-02-13 16:46:24.502057354 -0500 EST","open_and_populate_playlist","f1-d0n343655",40,90.960148,200,false,"%!s(<nil>)"
"2017-02-13 16:46:12.248911035 -0500 EST","open_and_populate_playlist","f1-d0n343669",40,108.347220,200,false,"%!s(<nil>)"
"2017-02-13 16:46:37.786539832 -0500 EST","open_and_populate_playlist","f1-d0n343653",40,90.031882,200,false,"%!s(<nil>)"
"2017-02-13 16:47:29.906941375 -0500 EST","open_and_populate_playlist","f1-d0n343680",40,42.524710,200,false,"%!s(<nil>)"
"2017-02-13 16:47:30.255411225 -0500 EST","open_and_populate_playlist","f1-d0n343670",40,42.322637,200,false,"%!s(<nil>)"
"2017-02-13 16:46:29.083679565 -0500 EST","open_and_populate_playlist","f1-d0n343671",40,109.619022,200,false,"%!s(<nil>)"
"2017-02-13 16:46:45.009395818 -0500 EST","open_and_populate_playlist","f1-d0n343666",40,94.833160,200,false,"%!s(<nil>)"
"2017-02-13 16:46:59.0245861 -0500 EST","open_and_populate_playlist","f1-d0n343681",40,88.208514,200,false,"%!s(<nil>)"
"2017-02-13 16:47:44.775163754 -0500 EST","open_and_populate_playlist","f1-d0n343668",40,43.208030,200,false,"%!s(<nil>)"
"2017-02-13 16:47:19.991383726 -0500 EST","open_and_populate_playlist","f1-d0n343661",40,86.806049,200,false,"%!s(<nil>)"
"2017-02-13 16:47:35.397371396 -0500 EST","open_and_populate_playlist","f1-d0n343679",40,81.086055,200,false,"%!s(<nil>)"
"2017-02-13 16:48:16.578374598 -0500 EST","open_and_populate_playlist","f1-d0n343670",40,41.210008,200,false,"%!s(<nil>)"
"2017-02-13 16:48:16.431949724 -0500 EST","open_and_populate_playlist","f1-d0n343680",40,45.990042,200,false,"%!s(<nil>)"
"2017-02-13 16:48:31.983463334 -0500 EST","open_and_populate_playlist","f1-d0n343668",40,41.363758,200,false,"%!s(<nil>)"
"2017-02-13 16:47:43.457815027 -0500 EST","open_and_populate_playlist","f1-d0n343659",40,99.454716,200,false,"%!s(<nil>)"
"2017-02-13 16:47:57.254284263 -0500 EST","open_and_populate_playlist","f1-d0n343673",40,86.821614,200,false,"%!s(<nil>)"
"2017-02-13 16:47:43.60996052 -0500 EST","open_and_populate_playlist","f1-d0n343674",40,101.307417,200,false,"%!s(<nil>)"
"2017-02-13 16:47:59.46257174 -0500 EST","open_and_populate_playlist","f1-d0n343655",40,89.384457,200,false,"%!s(<nil>)"
"2017-02-13 16:47:54.879888442 -0500 EST","open_and_populate_playlist","f1-d0n343667",40,97.363995,200,false,"%!s(<nil>)"
"2017-02-13 16:47:52.530563986 -0500 EST","open_and_populate_playlist","f1-d0n343672",40,102.359034,200,false,"%!s(<nil>)"
"2017-02-13 16:48:11.818701158 -0500 EST","open_and_populate_playlist","f1-d0n343653",40,89.128506,200,false,"%!s(<nil>)"
"2017-02-13 16:49:01.788674064 -0500 EST","open_and_populate_playlist","f1-d0n343670",40,43.553260,200,false,"%!s(<nil>)"
"2017-02-13 16:49:06.422292578 -0500 EST","open_and_populate_playlist","f1-d0n343680",40,39.378184,200,false,"%!s(<nil>)"
"2017-02-13 16:48:04.596451701 -0500 EST","open_and_populate_playlist","f1-d0n343669",40,105.129120,200,false,"%!s(<nil>)"
"2017-02-13 16:48:23.842834344 -0500 EST","open_and_populate_playlist","f1-d0n343666",40,94.773972,200,false,"%!s(<nil>)"
"2017-02-13 16:49:17.347503633 -0500 EST","open_and_populate_playlist","f1-d0n343668",40,47.302272,200,false,"%!s(<nil>)"
"2017-02-13 16:48:22.702972693 -0500 EST","open_and_populate_playlist","f1-d0n343671",40,107.479856,200,false,"%!s(<nil>)"
"2017-02-13 16:48:31.233416365 -0500 EST","open_and_populate_playlist","f1-d0n343681",40,100.089523,200,false,"%!s(<nil>)"
"2017-02-13 16:48:50.79771471 -0500 EST","open_and_populate_playlist","f1-d0n343661",40,81.617221,200,false,"%!s(<nil>)"
"2017-02-13 16:49:00.483784744 -0500 EST","open_and_populate_playlist","f1-d0n343679",40,81.428484,200,false,"%!s(<nil>)"
"2017-02-13 16:49:49.800738068 -0500 EST","open_and_populate_playlist","f1-d0n343680",40,40.025497,200,false,"%!s(<nil>)"
"2017-02-13 16:49:49.342228086 -0500 EST","open_and_populate_playlist","f1-d0n343670",40,41.575787,200,false,"%!s(<nil>)"
"2017-02-13 16:49:28.076179379 -0500 EST","open_and_populate_playlist","f1-d0n343673",40,86.363349,200,false,"%!s(<nil>)"
"2017-02-13 16:50:08.650060188 -0500 EST","open_and_populate_playlist","f1-d0n343668",40,47.415474,200,false,"%!s(<nil>)"
"2017-02-13 16:49:26.912812903 -0500 EST","open_and_populate_playlist","f1-d0n343659",40,93.526144,200,false,"%!s(<nil>)"
"2017-02-13 16:49:32.847380708 -0500 EST","open_and_populate_playlist","f1-d0n343655",40,89.450898,200,false,"%!s(<nil>)"
"2017-02-13 16:49:36.244159181 -0500 EST","open_and_populate_playlist","f1-d0n343667",40,86.195607,200,false,"%!s(<nil>)"
"2017-02-13 16:49:28.917700937 -0500 EST","open_and_populate_playlist","f1-d0n343674",40,102.540626,200,false,"%!s(<nil>)"
"2017-02-13 16:49:44.947468144 -0500 EST","open_and_populate_playlist","f1-d0n343653",40,86.783857,200,false,"%!s(<nil>)"
"2017-02-13 16:50:33.82649968 -0500 EST","open_and_populate_playlist","f1-d0n343680",40,42.240798,200,false,"%!s(<nil>)"
"2017-02-13 16:50:34.918320231 -0500 EST","open_and_populate_playlist","f1-d0n343670",40,50.075246,200,false,"%!s(<nil>)"
"2017-02-13 16:49:38.88991919 -0500 EST","open_and_populate_playlist","f1-d0n343672",40,106.473906,200,false,"%!s(<nil>)"
"2017-02-13 16:50:02.617164284 -0500 EST","open_and_populate_playlist","f1-d0n343666",40,91.804075,200,false,"%!s(<nil>)"
"2017-02-13 16:51:00.065874739 -0500 EST","open_and_populate_playlist","f1-d0n343668",40,39.281980,200,false,"%!s(<nil>)"
"2017-02-13 16:50:15.323274764 -0500 EST","open_and_populate_playlist","f1-d0n343681",40,87.497425,200,false,"%!s(<nil>)"
"2017-02-13 16:49:53.725837165 -0500 EST","open_and_populate_playlist","f1-d0n343669",40,109.362039,200,false,"%!s(<nil>)"
"2017-02-13 16:50:16.415242272 -0500 EST","open_and_populate_playlist","f1-d0n343661",40,87.500501,200,false,"%!s(<nil>)"
"2017-02-13 16:50:25.912645593 -0500 EST","open_and_populate_playlist","f1-d0n343679",40,80.078481,200,false,"%!s(<nil>)"
"2017-02-13 16:51:20.067613024 -0500 EST","open_and_populate_playlist","f1-d0n343680",40,41.529868,200,false,"%!s(<nil>)"
"2017-02-13 16:50:14.183151788 -0500 EST","open_and_populate_playlist","f1-d0n343671",40,112.241691,200,false,"%!s(<nil>)"
"2017-02-13 16:51:28.993919252 -0500 EST","open_and_populate_playlist","f1-d0n343670",40,42.841949,200,false,"%!s(<nil>)"
"2017-02-13 16:50:58.43976536 -0500 EST","open_and_populate_playlist","f1-d0n343673",40,84.649885,200,false,"%!s(<nil>)"
"2017-02-13 16:51:43.348150077 -0500 EST","open_and_populate_playlist","f1-d0n343668",40,41.920757,200,false,"%!s(<nil>)"
"2017-02-13 16:51:06.440063962 -0500 EST","open_and_populate_playlist","f1-d0n343667",40,83.272459,200,false,"%!s(<nil>)"
"2017-02-13 16:51:06.29864401 -0500 EST","open_and_populate_playlist","f1-d0n343655",40,90.760053,200,false,"%!s(<nil>)"
"2017-02-13 16:51:04.439299276 -0500 EST","open_and_populate_playlist","f1-d0n343659",40,97.628436,200,false,"%!s(<nil>)"
"2017-02-13 16:51:15.731647525 -0500 EST","open_and_populate_playlist","f1-d0n343653",40,89.579589,200,false,"%!s(<nil>)"
"2017-02-13 16:52:05.597743144 -0500 EST","open_and_populate_playlist","f1-d0n343680",40,46.769244,200,false,"%!s(<nil>)"
"2017-02-13 16:51:15.458605956 -0500 EST","open_and_populate_playlist","f1-d0n343674",40,100.312917,200,false,"%!s(<nil>)"
"2017-02-13 16:52:15.836203385 -0500 EST","open_and_populate_playlist","f1-d0n343670",40,45.502624,200,false,"%!s(<nil>)"
"2017-02-13 16:51:46.820953494 -0500 EST","open_and_populate_playlist","f1-d0n343681",40,81.824285,200,false,"%!s(<nil>)"
"2017-02-13 16:51:47.915999237 -0500 EST","open_and_populate_playlist","f1-d0n343661",40,82.464223,200,false,"%!s(<nil>)"
"2017-02-13 16:51:29.364070704 -0500 EST","open_and_populate_playlist","f1-d0n343672",40,102.720322,200,false,"%!s(<nil>)"
"2017-02-13 16:52:29.269212465 -0500 EST","open_and_populate_playlist","f1-d0n343668",40,49.065820,200,false,"%!s(<nil>)"
"2017-02-13 16:51:38.421609122 -0500 EST","open_and_populate_playlist","f1-d0n343666",40,100.433773,200,false,"%!s(<nil>)"
"2017-02-13 16:51:49.991395217 -0500 EST","open_and_populate_playlist","f1-d0n343679",40,90.748034,200,false,"%!s(<nil>)"
"2017-02-13 16:51:47.088124934 -0500 EST","open_and_populate_playlist","f1-d0n343669",40,105.936822,200,false,"%!s(<nil>)"
"2017-02-13 16:52:56.367332348 -0500 EST","open_and_populate_playlist","f1-d0n343680",40,41.261165,200,false,"%!s(<nil>)"
"2017-02-13 16:52:27.090017248 -0500 EST","open_and_populate_playlist","f1-d0n343673",40,81.993692,200,false,"%!s(<nil>)"
"2017-02-13 16:53:05.339103001 -0500 EST","open_and_populate_playlist","f1-d0n343670",40,45.137654,200,false,"%!s(<nil>)"
"2017-02-13 16:52:33.712798266 -0500 EST","open_and_populate_playlist","f1-d0n343667",40,85.401157,200,false,"%!s(<nil>)"
"2017-02-13 16:52:10.425123564 -0500 EST","open_and_populate_playlist","f1-d0n343671",40,111.095183,200,false,"%!s(<nil>)"
"2017-02-13 16:53:22.335382654 -0500 EST","open_and_populate_playlist","f1-d0n343668",40,48.767335,200,false,"%!s(<nil>)"
"2017-02-13 16:52:41.058982405 -0500 EST","open_and_populate_playlist","f1-d0n343655",40,92.773903,200,false,"%!s(<nil>)"
"2017-02-13 16:52:49.311542998 -0500 EST","open_and_populate_playlist","f1-d0n343653",40,89.090287,200,false,"%!s(<nil>)"
"2017-02-13 16:52:46.067995808 -0500 EST","open_and_populate_playlist","f1-d0n343659",40,95.047953,200,false,"%!s(<nil>)"
"2017-02-13 16:53:41.628839172 -0500 EST","open_and_populate_playlist","f1-d0n343680",40,42.007366,200,false,"%!s(<nil>)"
"2017-02-13 16:53:12.645619753 -0500 EST","open_and_populate_playlist","f1-d0n343681",40,83.384816,200,false,"%!s(<nil>)"
"2017-02-13 16:52:59.771854 -0500 EST","open_and_populate_playlist","f1-d0n343674",40,98.839242,200,false,"%!s(<nil>)"
"2017-02-13 16:53:24.739753717 -0500 EST","open_and_populate_playlist","f1-d0n343679",40,80.809255,200,false,"%!s(<nil>)"
"2017-02-13 16:53:54.477057372 -0500 EST","open_and_populate_playlist","f1-d0n343670",40,52.261532,200,false,"%!s(<nil>)"
"2017-02-13 16:53:22.855695673 -0500 EST","open_and_populate_playlist","f1-d0n343666",40,88.358055,200,false,"%!s(<nil>)"
"2017-02-13 16:53:16.084708271 -0500 EST","open_and_populate_playlist","f1-d0n343672",40,102.094591,200,false,"%!s(<nil>)"
"2017-02-13 16:54:15.103017914 -0500 EST","open_and_populate_playlist","f1-d0n343668",40,45.088658,200,false,"%!s(<nil>)"
"2017-02-13 16:54:27.636481925 -0500 EST","open_and_populate_playlist","f1-d0n343680",40,44.469584,200,false,"%!s(<nil>)"
"2017-02-13 16:53:37.025300978 -0500 EST","open_and_populate_playlist","f1-d0n343669",40,101.955645,200,false,"%!s(<nil>)"
"2017-02-13 16:54:03.114301266 -0500 EST","open_and_populate_playlist","f1-d0n343667",40,82.814020,200,false,"%!s(<nil>)"
"2017-02-13 16:54:50.738867192 -0500 EST","open_and_populate_playlist","f1-d0n343670",40,46.758038,200,false,"%!s(<nil>)"
"2017-02-13 16:54:22.402128486 -0500 EST","open_and_populate_playlist","f1-d0n343653",40,87.012055,200,false,"%!s(<nil>)"
"2017-02-13 16:54:17.833229118 -0500 EST","open_and_populate_playlist","f1-d0n343655",40,91.619641,200,false,"%!s(<nil>)"
"2017-02-13 16:55:04.191932303 -0500 EST","open_and_populate_playlist","f1-d0n343668",40,48.195792,200,false,"%!s(<nil>)"
"2017-02-13 16:54:05.520595871 -0500 EST","open_and_populate_playlist","f1-d0n343671",40,107.524524,200,false,"%!s(<nil>)"
"2017-02-13 16:55:16.106377872 -0500 EST","open_and_populate_playlist","f1-d0n343680",40,42.933860,200,false,"%!s(<nil>)"
"2017-02-13 16:54:25.11630226 -0500 EST","open_and_populate_playlist","f1-d0n343659",40,98.885433,200,false,"%!s(<nil>)"
"2017-02-13 16:54:40.03071748 -0500 EST","open_and_populate_playlist","f1-d0n343681",40,86.774528,200,false,"%!s(<nil>)"
"2017-02-13 16:54:49.549278664 -0500 EST","open_and_populate_playlist","f1-d0n343679",40,81.019270,200,false,"%!s(<nil>)"
"2017-02-13 16:54:55.2140519 -0500 EST","open_and_populate_playlist","f1-d0n343666",40,86.237624,200,false,"%!s(<nil>)"
"2017-02-13 16:54:42.611377046 -0500 EST","open_and_populate_playlist","f1-d0n343674",40,100.665794,200,false,"%!s(<nil>)"
"2017-02-13 16:55:41.497188798 -0500 EST","open_and_populate_playlist","f1-d0n343670",40,44.665772,200,false,"%!s(<nil>)"
"2017-02-13 16:55:02.179671555 -0500 EST","open_and_populate_playlist","f1-d0n343672",40,98.196430,200,false,"%!s(<nil>)"
"2017-02-13 16:56:03.040552936 -0500 EST","open_and_populate_playlist","f1-d0n343680",40,39.662144,200,false,"%!s(<nil>)"
"2017-02-13 16:55:56.388062981 -0500 EST","open_and_populate_playlist","f1-d0n343668",40,48.443435,200,false,"%!s(<nil>)"
"2017-02-13 16:55:29.928691731 -0500 EST","open_and_populate_playlist","f1-d0n343667",40,83.237700,200,false,"%!s(<nil>)"
"2017-02-13 16:55:22.981204514 -0500 EST","open_and_populate_playlist","f1-d0n343669",40,105.609343,200,false,"%!s(<nil>)"
"2017-02-13 16:56:30.16329754 -0500 EST","open_and_populate_playlist","f1-d0n343670",40,50.460705,200,false,"%!s(<nil>)"
"2017-02-13 16:55:53.453108238 -0500 EST","open_and_populate_playlist","f1-d0n343655",40,91.547357,200,false,"%!s(<nil>)"
"2017-02-13 16:56:46.702975226 -0500 EST","open_and_populate_playlist","f1-d0n343680",40,44.029869,200,false,"%!s(<nil>)"
"2017-02-13 16:56:48.83174999 -0500 EST","open_and_populate_playlist","f1-d0n343668",40,43.415072,200,false,"%!s(<nil>)"
"2017-02-13 16:56:14.568837298 -0500 EST","open_and_populate_playlist","f1-d0n343679",40,78.464841,200,false,"%!s(<nil>)"
"2017-02-13 16:55:57.045422319 -0500 EST","open_and_populate_playlist","f1-d0n343671",40,104.784971,200,false,"%!s(<nil>)"
"2017-02-13 16:56:10.805488261 -0500 EST","open_and_populate_playlist","f1-d0n343681",40,92.737409,200,false,"%!s(<nil>)"
"2017-02-13 16:56:08.002076337 -0500 EST","open_and_populate_playlist","f1-d0n343659",40,96.734400,200,false,"%!s(<nil>)"
"2017-02-13 16:56:25.451973901 -0500 EST","open_and_populate_playlist","f1-d0n343666",40,88.589746,200,false,"%!s(<nil>)"
"2017-02-13 16:56:27.27742981 -0500 EST","open_and_populate_playlist","f1-d0n343674",40,96.265363,200,false,"%!s(<nil>)"
"2017-02-13 16:57:24.624309649 -0500 EST","open_and_populate_playlist","f1-d0n343670",40,46.213432,200,false,"%!s(<nil>)"
"2017-02-13 16:56:44.376398688 -0500 EST","open_and_populate_playlist","f1-d0n343672",40,94.724476,200,false,"%!s(<nil>)"
"2017-02-13 16:57:34.733043646 -0500 EST","open_and_populate_playlist","f1-d0n343680",40,46.742779,200,false,"%!s(<nil>)"
"2017-02-13 16:57:36.247088187 -0500 EST","open_and_populate_playlist","f1-d0n343668",40,46.420317,200,false,"%!s(<nil>)"
"2017-02-13 16:56:57.16662626 -0500 EST","open_and_populate_playlist","f1-d0n343667",40,87.205173,200,false,"%!s(<nil>)"
"2017-02-13 16:57:37.033953938 -0500 EST","open_and_populate_playlist","f1-d0n343679",40,78.781274,200,false,"%!s(<nil>)"
"2017-02-13 16:57:12.590873241 -0500 EST","open_and_populate_playlist","f1-d0n343669",40,104.378081,200,false,"%!s(<nil>)"
"2017-02-13 16:57:29.000784453 -0500 EST","open_and_populate_playlist","f1-d0n343655",40,89.951408,200,false,"%!s(<nil>)"
"2017-02-13 16:58:14.838039732 -0500 EST","open_and_populate_playlist","f1-d0n343670",40,46.566539,200,false,"%!s(<nil>)"
"2017-02-13 16:58:26.667802095 -0500 EST","open_and_populate_playlist","f1-d0n343668",40,40.906727,200,false,"%!s(<nil>)"
"2017-02-13 16:58:25.47613102 -0500 EST","open_and_populate_playlist","f1-d0n343680",40,45.747856,200,false,"%!s(<nil>)"
"2017-02-13 16:57:47.543280474 -0500 EST","open_and_populate_playlist","f1-d0n343681",40,86.477125,200,false,"%!s(<nil>)"
"2017-02-13 16:57:48.736753931 -0500 EST","open_and_populate_playlist","f1-d0n343659",40,95.367111,200,false,"%!s(<nil>)"
"2017-02-13 16:57:45.830665881 -0500 EST","open_and_populate_playlist","f1-d0n343671",40,101.018357,200,false,"%!s(<nil>)"
"2017-02-13 16:57:58.042024943 -0500 EST","open_and_populate_playlist","f1-d0n343666",40,89.041003,200,false,"%!s(<nil>)"
"2017-02-13 16:58:07.543050876 -0500 EST","open_and_populate_playlist","f1-d0n343674",40,97.697788,200,false,"%!s(<nil>)"
"2017-02-13 16:44:51.549794374 -0500 EST","open_and_populate_playlist","f1-d0n343665",40,901.050518,0,true,"Get http://f1-d0n343665:34567/weatherpresenter/OpenPlaylist?filepath=%5C%5C10.55.209.32%5Cmyshare%5CSoftware%5CDesignModel%5CBBC_automatedTest%5CPlaylists%5CTechnical+Tests%5CHeavy+Show.dpl: net/http: timeout awaiting response headers"
"2017-02-13 16:58:28.372067544 -0500 EST","open_and_populate_playlist","f1-d0n343667",40,84.674875,200,false,"%!s(<nil>)"
"2017-02-13 16:59:05.404881456 -0500 EST","open_and_populate_playlist","f1-d0n343670",40,49.158945,200,false,"%!s(<nil>)"
"2017-02-13 16:59:11.574885917 -0500 EST","open_and_populate_playlist","f1-d0n343668",40,46.131198,200,false,"%!s(<nil>)"
"2017-02-13 16:59:15.22426569 -0500 EST","open_and_populate_playlist","f1-d0n343680",40,43.335273,200,false,"%!s(<nil>)"
"2017-02-13 16:58:23.101226568 -0500 EST","open_and_populate_playlist","f1-d0n343672",40,97.802156,200,false,"%!s(<nil>)"
"2017-02-13 16:58:59.815519858 -0500 EST","open_and_populate_playlist","f1-d0n343679",40,74.126262,200,false,"%!s(<nil>)"
"2017-02-13 16:59:02.952523239 -0500 EST","open_and_populate_playlist","f1-d0n343655",40,93.835141,200,false,"%!s(<nil>)"
"2017-02-13 16:59:58.564120495 -0500 EST","open_and_populate_playlist","f1-d0n343670",40,42.028964,200,false,"%!s(<nil>)"
"2017-02-13 16:59:00.969245909 -0500 EST","open_and_populate_playlist","f1-d0n343669",40,99.954701,200,false,"%!s(<nil>)"
"2017-02-13 16:59:18.020733481 -0500 EST","open_and_populate_playlist","f1-d0n343681",40,83.537688,200,false,"%!s(<nil>)"
"2017-02-13 17:00:01.706318533 -0500 EST","open_and_populate_playlist","f1-d0n343668",40,42.002976,200,false,"%!s(<nil>)"
"2017-02-13 17:00:02.559839159 -0500 EST","open_and_populate_playlist","f1-d0n343680",40,45.024027,200,false,"%!s(<nil>)"
"2017-02-13 16:59:31.083289507 -0500 EST","open_and_populate_playlist","f1-d0n343666",40,82.156742,200,false,"%!s(<nil>)"
"2017-02-13 16:59:28.104174311 -0500 EST","open_and_populate_playlist","f1-d0n343659",40,98.324029,200,false,"%!s(<nil>)"
"2017-02-13 16:59:30.849387454 -0500 EST","open_and_populate_playlist","f1-d0n343671",40,99.388920,200,false,"%!s(<nil>)"
"2017-02-13 16:31:16.108612133 -0500 EST","open_and_populate_playlist","f1-d0n343658",40,1800.039583,0,true,"Get http://f1-d0n343658:34567/weatherpresenter/OpenPlaylist?filepath=%5C%5C10.55.209.32%5Cmyshare%5CSoftware%5CDesignModel%5CBBC_automatedTest%5CPlaylists%5CTechnical+Tests%5CHeavy+Show.dpl: net/http: timeout awaiting response headers"
"2017-02-13 16:59:57.047227498 -0500 EST","open_and_populate_playlist","f1-d0n343667",40,84.825730,200,false,"%!s(<nil>)"
"2017-02-13 16:46:25.134475765 -0500 EST","open_and_populate_playlist","f1-d0n343684",40,900.964292,0,true,"Get http://f1-d0n343684:34567/weatherpresenter/OpenPlaylist?filepath=%5C%5C10.55.209.32%5Cmyshare%5CSoftware%5CDesignModel%5CBBC_automatedTest%5CPlaylists%5CTechnical+Tests%5CHeavy+Show.dpl: net/http: timeout awaiting response headers"
"2017-02-13 16:59:49.241129516 -0500 EST","open_and_populate_playlist","f1-d0n343674",40,95.701439,200,false,"%!s(<nil>)"
"2017-02-13 17:00:47.709592432 -0500 EST","open_and_populate_playlist","f1-d0n343668",40,38.903505,200,false,"%!s(<nil>)"
"2017-02-13 17:00:44.59340728 -0500 EST","open_and_populate_playlist","f1-d0n343670",40,46.467380,200,false,"%!s(<nil>)"
"2017-02-13 17:00:17.942074604 -0500 EST","open_and_populate_playlist","f1-d0n343679",40,76.275504,200,false,"%!s(<nil>)"
"2017-02-13 17:00:51.584206468 -0500 EST","open_and_populate_playlist","f1-d0n343680",40,47.675853,200,false,"%!s(<nil>)"
"2017-02-13 17:00:04.90363669 -0500 EST","open_and_populate_playlist","f1-d0n343672",40,96.458125,200,false,"%!s(<nil>)"
"2017-02-13 17:00:45.558725457 -0500 EST","open_and_populate_playlist","f1-d0n343681",40,82.236168,200,false,"%!s(<nil>)"
"2017-02-13 17:01:30.613425067 -0500 EST","open_and_populate_playlist","f1-d0n343668",40,41.937378,200,false,"%!s(<nil>)"
"2017-02-13 17:00:40.788027941 -0500 EST","open_and_populate_playlist","f1-d0n343655",40,92.983107,200,false,"%!s(<nil>)"
"2017-02-13 17:00:44.924258834 -0500 EST","open_and_populate_playlist","f1-d0n343669",40,100.439172,200,false,"%!s(<nil>)"
"2017-02-13 17:01:35.061067695 -0500 EST","open_and_populate_playlist","f1-d0n343670",40,52.703198,200,false,"%!s(<nil>)"
"2017-02-13 17:00:57.240397273 -0500 EST","open_and_populate_playlist","f1-d0n343666",40,95.222228,200,false,"%!s(<nil>)"
"2017-02-13 17:01:43.260496237 -0500 EST","open_and_populate_playlist","f1-d0n343680",40,50.473518,200,false,"%!s(<nil>)"
"2017-02-13 16:47:35.992664117 -0500 EST","open_and_populate_playlist","f1-d0n343656",40,902.164889,0,true,"Get http://f1-d0n343656:34567/weatherpresenter/OpenPlaylist?filepath=%5C%5C10.55.209.32%5Cmyshare%5CSoftware%5CDesignModel%5CBBC_automatedTest%5CPlaylists%5CTechnical+Tests%5CHeavy+Show.dpl: net/http: timeout awaiting response headers"
"2017-02-13 17:01:10.428463905 -0500 EST","open_and_populate_playlist","f1-d0n343659",40,95.917261,200,false,"%!s(<nil>)"
"2017-02-13 17:01:25.873312315 -0500 EST","open_and_populate_playlist","f1-d0n343667",40,83.239292,200,false,"%!s(<nil>)"
"2017-02-13 17:01:38.217919887 -0500 EST","open_and_populate_playlist","f1-d0n343679",40,78.961113,200,false,"%!s(<nil>)"
"2017-02-13 17:01:14.238647496 -0500 EST","open_and_populate_playlist","f1-d0n343671",40,103.641018,200,false,"%!s(<nil>)"
"2017-02-13 17:02:16.551094966 -0500 EST","open_and_populate_playlist","f1-d0n343668",40,47.415143,200,false,"%!s(<nil>)"
"2017-02-13 17:01:28.942945413 -0500 EST","open_and_populate_playlist","f1-d0n343674",40,95.996825,200,false,"%!s(<nil>)"
"2017-02-13 17:02:31.764539424 -0500 EST","open_and_populate_playlist","f1-d0n343670",40,46.595876,200,false,"%!s(<nil>)"
"2017-02-13 17:01:45.362055322 -0500 EST","open_and_populate_playlist","f1-d0n343672",40,95.219511,200,false,"%!s(<nil>)"
"2017-02-13 17:02:37.734275523 -0500 EST","open_and_populate_playlist","f1-d0n343680",40,44.831054,200,false,"%!s(<nil>)"
"2017-02-13 17:02:11.795173081 -0500 EST","open_and_populate_playlist","f1-d0n343681",40,81.416767,200,false,"%!s(<nil>)"
"2017-02-13 17:02:17.771447366 -0500 EST","open_and_populate_playlist","f1-d0n343655",40,95.630749,200,false,"%!s(<nil>)"
"2017-02-13 17:03:07.966517239 -0500 EST","open_and_populate_playlist","f1-d0n343668",40,46.484924,200,false,"%!s(<nil>)"
"2017-02-13 17:02:36.462935341 -0500 EST","open_and_populate_playlist","f1-d0n343666",40,88.316295,200,false,"%!s(<nil>)"
"2017-02-13 17:02:29.363759516 -0500 EST","open_and_populate_playlist","f1-d0n343669",40,98.273590,200,false,"%!s(<nil>)"
"2017-02-13 17:03:22.360756699 -0500 EST","open_and_populate_playlist","f1-d0n343670",40,52.166372,200,false,"%!s(<nil>)"
"2017-02-13 17:03:26.56571585 -0500 EST","open_and_populate_playlist","f1-d0n343680",40,49.791471,200,false,"%!s(<nil>)"
"2017-02-13 17:02:53.112891497 -0500 EST","open_and_populate_playlist","f1-d0n343667",40,88.618042,200,false,"%!s(<nil>)"
"2017-02-13 17:02:50.346068662 -0500 EST","open_and_populate_playlist","f1-d0n343659",40,95.981531,200,false,"%!s(<nil>)"
"2017-02-13 17:03:01.179517185 -0500 EST","open_and_populate_playlist","f1-d0n343679",40,86.300379,200,false,"%!s(<nil>)"
"2017-02-13 17:03:01.879997756 -0500 EST","open_and_populate_playlist","f1-d0n343671",40,100.942477,200,false,"%!s(<nil>)"
"2017-02-13 17:04:30.327976977 -0500 EST","open_and_populate_playlist","f1-d0n343659",40,12.742987,200,false,"Get http://f1-d0n343659:34567/weatherpresenter/SetPresentationState?state=Editing: dial tcp: lookup f1-d0n343659 on 10.55.162.2:53: server misbehaving"
"2017-02-13 17:03:08.940057544 -0500 EST","open_and_populate_playlist","f1-d0n343674",40,95.691238,200,false,"%!s(<nil>)"
"2017-02-13 17:04:46.822736433 -0500 EST","open_and_populate_playlist","f1-d0n343671",40,0.007896,0,false,"Get http://f1-d0n343671:34567/weatherpresenter/OpenPlaylist?filepath=%5C%5C10.55.209.32%5Cmyshare%5CSoftware%5CDesignModel%5CBBC_automatedTest%5CPlaylists%5CTechnical+Tests%5CHeavy+Show.dpl: dial tcp: lookup f1-d0n343671 on 10.55.162.2:53: server misbehaving"
"2017-02-13 17:03:58.45187323 -0500 EST","open_and_populate_playlist","f1-d0n343668",40,46.545680,200,false,"%!s(<nil>)"
"2017-02-13 17:04:48.631641114 -0500 EST","open_and_populate_playlist","f1-d0n343674",40,0.007335,0,false,"Get http://f1-d0n343674:34567/weatherpresenter/OpenPlaylist?filepath=%5C%5C10.55.209.32%5Cmyshare%5CSoftware%5CDesignModel%5CBBC_automatedTest%5CPlaylists%5CTechnical+Tests%5CHeavy+Show.dpl: dial tcp: lookup f1-d0n343674 on 10.55.162.2:53: server misbehaving"
"2017-02-13 17:03:24.581871523 -0500 EST","open_and_populate_playlist","f1-d0n343672",40,95.745724,200,false,"%!s(<nil>)"
"2017-02-13 17:03:37.212268809 -0500 EST","open_and_populate_playlist","f1-d0n343681",40,83.663921,200,false,"%!s(<nil>)"
"2017-02-13 17:05:04.327922076 -0500 EST","open_and_populate_playlist","f1-d0n343672",40,0.007393,0,false,"Get http://f1-d0n343672:34567/weatherpresenter/OpenPlaylist?filepath=%5C%5C10.55.209.32%5Cmyshare%5CSoftware%5CDesignModel%5CBBC_automatedTest%5CPlaylists%5CTechnical+Tests%5CHeavy+Show.dpl: dial tcp: lookup f1-d0n343672 on 10.55.162.2:53: server misbehaving"
"2017-02-13 17:05:04.876735273 -0500 EST","open_and_populate_playlist","f1-d0n343681",40,0.930302,0,false,"Get http://f1-d0n343681:34567/weatherpresenter/OpenPlaylist?filepath=%5C%5C10.55.209.32%5Cmyshare%5CSoftware%5CDesignModel%5CBBC_automatedTest%5CPlaylists%5CTechnical+Tests%5CHeavy+Show.dpl: dial tcp: lookup f1-d0n343681 on 10.55.162.2:53: dial udp 10.55.162.2:53: socket: too many open files"
"2017-02-13 17:04:18.527503285 -0500 EST","open_and_populate_playlist","f1-d0n343670",40,50.500056,200,false,"%!s(<nil>)"
"2017-02-13 17:04:20.357495867 -0500 EST","open_and_populate_playlist","f1-d0n343680",40,52.160570,200,false,"%!s(<nil>)"
"2017-02-13 17:05:16.518389934 -0500 EST","open_and_populate_playlist","f1-d0n343680",40,0.001552,0,false,"Get http://f1-d0n343680:34567/weatherpresenter/OpenPlaylist?filepath=%5C%5C10.55.209.32%5Cmyshare%5CSoftware%5CDesignModel%5CBBC_automatedTest%5CPlaylists%5CTechnical+Tests%5CHeavy+Show.dpl: dial tcp: lookup f1-d0n343680 on 10.55.162.2:53: dial udp 10.55.162.2:53: socket: too many open files"
"2017-02-13 17:03:57.402565686 -0500 EST","open_and_populate_playlist","f1-d0n343655",40,94.256245,200,false,"%!s(<nil>)"
"2017-02-13 17:05:35.659110028 -0500 EST","open_and_populate_playlist","f1-d0n343655",40,0.001771,0,false,"Get http://f1-d0n343655:34567/weatherpresenter/OpenPlaylist?filepath=%5C%5C10.55.209.32%5Cmyshare%5CSoftware%5CDesignModel%5CBBC_automatedTest%5CPlaylists%5CTechnical+Tests%5CHeavy+Show.dpl: dial tcp: lookup f1-d0n343655 on 10.55.162.2:53: dial udp 10.55.162.2:53: socket: too many open files"
"2017-02-13 17:04:08.779689939 -0500 EST","open_and_populate_playlist","f1-d0n343666",40,90.865217,200,false,"%!s(<nil>)"
"2017-02-13 17:05:43.645223255 -0500 EST","open_and_populate_playlist","f1-d0n343666",40,0.001834,0,false,"Get http://f1-d0n343666:34567/weatherpresenter/OpenPlaylist?filepath=%5C%5C10.55.209.32%5Cmyshare%5CSoftware%5CDesignModel%5CBBC_automatedTest%5CPlaylists%5CTechnical+Tests%5CHeavy+Show.dpl: dial tcp: lookup f1-d0n343666 on 10.55.162.2:53: dial udp 10.55.162.2:53: socket: too many open files"
"2017-02-13 17:04:31.480164686 -0500 EST","open_and_populate_playlist","f1-d0n343679",40,75.420274,200,false,"%!s(<nil>)"
"2017-02-13 17:05:50.900706848 -0500 EST","open_and_populate_playlist","f1-d0n343679",40,0.001559,0,false,"Get http://f1-d0n343679:34567/weatherpresenter/OpenPlaylist?filepath=%5C%5C10.55.209.32%5Cmyshare%5CSoftware%5CDesignModel%5CBBC_automatedTest%5CPlaylists%5CTechnical+Tests%5CHeavy+Show.dpl: dial tcp: lookup f1-d0n343679 on 10.55.162.2:53: dial udp 10.55.162.2:53: socket: too many open files"
"2017-02-13 17:04:11.637755911 -0500 EST","open_and_populate_playlist","f1-d0n343669",40,97.937952,200,false,"%!s(<nil>)"
"2017-02-13 17:04:25.731243667 -0500 EST","open_and_populate_playlist","f1-d0n343667",40,85.836669,200,false,"%!s(<nil>)"
"2017-02-13 17:05:53.575986412 -0500 EST","open_and_populate_playlist","f1-d0n343669",40,0.001457,0,false,"Get http://f1-d0n343669:34567/weatherpresenter/OpenPlaylist?filepath=%5C%5C10.55.209.32%5Cmyshare%5CSoftware%5CDesignModel%5CBBC_automatedTest%5CPlaylists%5CTechnical+Tests%5CHeavy+Show.dpl: dial tcp: lookup f1-d0n343669 on 10.55.162.2:53: dial udp 10.55.162.2:53: socket: too many open files"
"2017-02-13 17:05:55.568253682 -0500 EST","open_and_populate_playlist","f1-d0n343667",40,0.001483,0,false,"Get http://f1-d0n343667:34567/weatherpresenter/OpenPlaylist?filepath=%5C%5C10.55.209.32%5Cmyshare%5CSoftware%5CDesignModel%5CBBC_automatedTest%5CPlaylists%5CTechnical+Tests%5CHeavy+Show.dpl: dial tcp: lookup f1-d0n343667 on 10.55.162.2:53: dial udp 10.55.162.2:53: socket: too many open files"
"2017-02-13 16:53:14.380586485 -0500 EST","open_and_populate_playlist","f1-d0n343661",40,900.938660,0,true,"Get http://f1-d0n343661:34567/weatherpresenter/OpenPlaylist?filepath=%5C%5C10.55.209.32%5Cmyshare%5CSoftware%5CDesignModel%5CBBC_automatedTest%5CPlaylists%5CTechnical+Tests%5CHeavy+Show.dpl: net/http: timeout awaiting response headers"
"2017-02-13 16:53:53.084025446 -0500 EST","open_and_populate_playlist","f1-d0n343673",40,900.856532,0,true,"Get http://f1-d0n343673:34567/weatherpresenter/OpenPlaylist?filepath=%5C%5C10.55.209.32%5Cmyshare%5CSoftware%5CDesignModel%5CBBC_automatedTest%5CPlaylists%5CTechnical+Tests%5CHeavy+Show.dpl: net/http: timeout awaiting response headers"
"2017-02-13 16:55:53.414489318 -0500 EST","open_and_populate_playlist","f1-d0n343653",40,901.320248,0,true,"Get http://f1-d0n343653:34567/weatherpresenter/OpenPlaylist?filepath=%5C%5C10.55.209.32%5Cmyshare%5CSoftware%5CDesignModel%5CBBC_automatedTest%5CPlaylists%5CTechnical+Tests%5CHeavy+Show.dpl: net/http: timeout awaiting response headers"
